#,Reference,Qty,Value,Footprint,DNP
1,"C1, C2, C3, C4, C6, C7, C8, C9, C10, C11, C12, C13, C14, C24, C25, C26, C27, C28, C29, C30, C31, C32, C33, C34, C35, C36, C37, C38, C39, C40, C41, C42, C43, C44, C45, C46, C47, C48, C49, C50, C51, C52, C53, C54, C55, C57, C58, C60, C61, C63, C64, C66, C67, C69, C70, C71, C72, C73, C75, C76, C78, C79",62,10nF,Capacitor_SMD:C_0805_2012Metric_Pad1.18x1.45mm_HandSolder,
2,"C15, C16, C17, C18, C19, C20, C21, C22, C23",9,100nF,Capacitor_SMD:C_0805_2012Metric_Pad1.18x1.45mm_HandSolder,
3,D1,1,,Package_TO_SOT_SMD:SOT-23,
5,"J1, J2",2,Conn_01x07_Pin,Connector_Molex:Molex_KK-254_AE-6410-07A_1x07_P2.54mm_Vertical,
6,"J3, J4, J5, J6, J10, J11, J12, J17, J18, J19, J20",11,Conn_01x04,Connector_Molex:Molex_KK-254_AE-6410-04A_1x04_P2.54mm_Vertical,
7,"J7, J9, J15",3,Conn_01x02,Connector_Molex:Molex_KK-254_AE-6410-02A_1x02_P2.54mm_Vertical,
8,J8,1,Conn_01x03,Connector_Molex:Molex_KK-254_AE-6410-03A_1x03_P2.54mm_Vertical,
9,J13,1,Conn_01x11_PinSocket,Connector_PinSocket_2.54mm:PinSocket_1x11_P2.54mm_Vertical,
10,J14,1,Conn_01x01_Socket,Connector_PinSocket_2.54mm:PinSocket_1x01_P2.54mm_Vertical,
11,J16,1,Conn_01x10,Connector_Molex:Molex_KK-254_AE-6410-10A_1x10_P2.54mm_Vertical,
12,"J21, J22, J23, J24",4,Conn_01x24,Connector_PinSocket_2.54mm:PinSocket_1x24_P2.54mm_Vertical,
13,J25,1,Conn_01x02,TerminalBlock_RND:TerminalBlock_RND_205-00012_1x02_P5.00mm_Horizontal,
14,J27,1,Conn_01x02_Pin,Connector_PinHeader_2.54mm:PinHeader_1x02_P2.54mm_Vertical,
15,"L1, L2",2,L_Ferrite,L_Wuerth_WE-TPC_Handsoldering,
16,Q1,1,BC846,Package_TO_SOT_SMD:SOT-23  or thuhole transistor i.e. BC547,
17,Q2,1,BC547,Package_TO_SOT_THT:TO-92_Inline,
18,"R1, R2, R3, R4, R5",5,1k,Resistor_SMD:R_0805_2012Metric_Pad1.20x1.40mm_HandSolder,
19,"R6, R7, R8, R9, R10, R11, R12, R13, R14, R15, R16, R17, R18, R19, R20, R21, R22, R23, R24, R25, R26, R27, R28, R29, R30, R31, R32, R33, R34, R35, R36, R37",32,10k,Resistor_SMD:R_0805_2012Metric_Pad1.20x1.40mm_HandSolder,
20,U1,1,Teensy 4.1,Package_DIP:DIP-48_W15.24mm_Socket_LongPads,
21,"U2, U3",2,16ch MUX ,DIP24_special,
22,U4,1,LM7805_TO220,Package_TO_SOT_THT:TO-220-3_Vertical,
,,,,,
,,,,,
,,,,,
,,,,,
,,,,REMEMBER,
,,,,"You do not NEED to use external power including LM7805, you can power",
,,,,"using USB, which is safer.",
